site_id,lat,lon,n_summers,n_days,n_ep,med_dur,max_dur,ep_days,ep_per_summer,frac_days
10129900,40.73522634,-111.4760313,15,2705,28.0,1.0,5.0,55.0,1.8666666666666667,2.033271719038817
10133650,40.7238375,-111.5196438,15,2685,0.0,,,0.0,0.0,0.0
10133800,40.75966979,-111.5640912,15,2734,0.0,,,0.0,0.0,0.0
10133980,40.8695861,-111.5866222,15,2753,0.0,,,0.0,0.0,0.0
11044000,33.4739175,-117.1422536,15,2663,2.0,1.5,2.0,3.0,0.13333333333333333,0.11265490048817124
11126000,34.58914745,-119.9887195,13,2351,0.0,,,0.0,0.0,0.0
11273400,37.34718815,-120.9761399,13,2250,1.0,5.0,5.0,5.0,0.07692307692307693,0.2222222222222222
11462500,39.0265265,-123.1305253,15,2736,0.0,,,0.0,0.0,0.0
11463000,38.87930758,-123.0535767,14,2194,0.0,,,0.0,0.0,0.0
11463682,38.65820245,-122.8294009,14,2482,0.0,,,0.0,0.0,0.0
11463980,38.63292489,-122.8555123,15,2752,0.0,,,0.0,0.0,0.0
11465240,38.65320165,-122.927181,13,2047,0.0,,,0.0,0.0,0.0
11467000,38.50848204,-122.9277345,15,2738,0.0,,,0.0,0.0,0.0
11507501,42.2193114,-121.7902816,15,2726,0.0,,,0.0,0.0,0.0
11509370,42.12788298,-121.9288769,15,2750,99.0,3.0,50.0,642.0,6.6,23.345454545454544
12098700,47.169824,-122.0026114,13,2124,0.0,,,0.0,0.0,0.0
12100490,47.27479497,-122.207876,14,2346,0.0,,,0.0,0.0,0.0
12101100,47.2381564,-122.2281746,14,2491,12.0,1.0,11.0,25.0,0.8571428571428571,1.0036130068245686
12101102,47.23555556,-122.236111,9,1579,0.0,,,0.0,0.0,0.0
13013650,43.65405556,-110.7154722,14,2241,0.0,,,0.0,0.0,0.0
1388000,40.99194444,-74.28,14,2505,0.0,,,0.0,0.0,0.0
1389005,40.89638889,-74.26916667,15,2743,0.0,,,0.0,0.0,0.0
1400500,40.55555556,-74.58277778,15,2686,0.0,,,0.0,0.0,0.0
14158100,44.09166667,-123.116111,10,1784,0.0,,,0.0,0.0,0.0
14162500,44.1248487,-122.47062,10,1827,0.0,,,0.0,0.0,0.0
14181500,44.75377778,-122.2974444,12,2081,0.0,,,0.0,0.0,0.0
14202980,45.46927968,-123.200109,15,2756,0.0,,,0.0,0.0,0.0
14206694,45.40150659,-122.8951003,15,2702,0.0,,,0.0,0.0,0.0
14206950,45.403452,-122.7548185,15,2738,3.0,2.0,5.0,8.0,0.2,0.2921840759678597
14207200,45.35650877,-122.6850937,15,2723,0.0,,,0.0,0.0,0.0
14209710,45.16706506,-122.1561923,15,2750,0.0,,,0.0,0.0,0.0
14210000,45.29984346,-122.3539746,14,2548,0.0,,,0.0,0.0,0.0
14211010,45.3792874,-122.5773134,15,2742,0.0,,,0.0,0.0,0.0
14211720,45.5175,-122.6691667,15,2719,2.0,1.0,1.0,2.0,0.13333333333333333,0.07355645457888929
14309000,42.82484286,-123.1789492,15,2697,0.0,,,0.0,0.0,0.0
14316460,43.3059544,-122.5128232,15,2751,0.0,,,0.0,0.0,0.0
14317450,43.324563,-122.9997836,15,2743,0.0,,,0.0,0.0,0.0
1433500,41.4612222,-74.75877778,11,1962,0.0,,,0.0,0.0,0.0
1454700,40.6692656,-75.23628808,13,2340,0.0,,,0.0,0.0,0.0
1458500,40.52611111,-75.065,10,1772,0.0,,,0.0,0.0,0.0
1463500,40.22166667,-74.77805556,15,2648,0.0,,,0.0,0.0,0.0
1467200,39.946402,-75.1393603,14,2543,0.0,,,0.0,0.0,0.0
1473500,40.11555556,-75.3561111,13,2388,0.0,,,0.0,0.0,0.0
1477050,39.83677934,-75.36630199,15,2682,1.0,1.0,1.0,1.0,0.06666666666666667,0.037285607755406416
1480065,39.71063889,-75.6087222,15,2705,2.0,1.0,1.0,2.0,0.13333333333333333,0.07393715341959335
1480617,39.9617734,-75.8013341,15,2664,0.0,,,0.0,0.0,0.0
1480870,39.9687191,-75.6732715,15,2650,0.0,,,0.0,0.0,0.0
1481000,39.8698328,-75.5932623,15,2742,0.0,,,0.0,0.0,0.0
1481500,39.7695,-75.576694,15,2719,0.0,,,0.0,0.0,0.0
1484080,39.0105,-75.4583056,14,2528,120.0,3.0,26.0,531.0,8.571428571428571,21.004746835443036
1484272,38.791,-75.25077778,8,1446,36.0,1.0,19.0,103.0,4.5,7.123098201936376
1484525,38.594556,-75.291028,13,2374,10.0,1.0,7.0,21.0,0.7692307692307693,0.8845829823083403
1493112,39.257056,-75.940139,8,1383,1.0,1.0,1.0,1.0,0.125,0.07230657989877079
1540500,40.95814218,-76.6191222,11,1884,0.0,,,0.0,0.0,0.0
1542500,41.11755906,-78.108896,13,2289,0.0,,,0.0,0.0,0.0
1544500,41.47583829,-77.82580078,14,2563,0.0,,,0.0,0.0,0.0
1549700,41.27361657,-77.3241186,13,2312,0.0,,,0.0,0.0,0.0
1608500,39.44703879,-78.6541817,15,2730,0.0,,,0.0,0.0,0.0
1611500,39.5823158,-78.3097312,14,2487,1.0,1.0,1.0,1.0,0.07142857142857142,0.04020908725371934
1632900,38.69345016,-78.6427935,15,2658,0.0,,,0.0,0.0,0.0
1645704,38.88469518,-77.3324293,15,2574,0.0,,,0.0,0.0,0.0
1645762,38.90888916,-77.3382627,13,2242,0.0,,,0.0,0.0,0.0
1646000,38.97594346,-77.24581439,12,2134,0.0,,,0.0,0.0,0.0
1646305,38.95977716,-77.1756743,13,2216,0.0,,,0.0,0.0,0.0
1646500,38.94977778,-77.12763889,10,1632,0.0,,,0.0,0.0,0.0
1648010,38.960167,-77.042056,13,2284,0.0,,,0.0,0.0,0.0
1649190,39.03336111,-76.96402778,15,2603,0.0,,,0.0,0.0,0.0
1649500,38.96025,-76.9259722,15,2667,3.0,1.0,9.0,11.0,0.2,0.4124484439445069
1650800,38.9862222,-77.0048611,11,1979,0.0,,,0.0,0.0,0.0
1654000,38.81289066,-77.2283158,10,1765,0.0,,,0.0,0.0,0.0
1654500,38.81358508,-77.2364549,10,1727,1.0,1.0,1.0,1.0,0.1,0.05790387955993052
1656903,38.8823899,-77.4319047,13,2321,5.0,1.0,1.0,5.0,0.38461538461538464,0.2154243860404998
1668000,38.30846178,-77.52915268,8,1432,0.0,,,0.0,0.0,0.0
1673000,37.76764189,-77.3322018,13,2300,0.0,,,0.0,0.0,0.0
2035000,37.67097957,-78.0858328,13,2325,0.0,,,0.0,0.0,0.0
205551460,37.27794444,-79.9375556,8,1363,0.0,,,0.0,0.0,0.0
2079500,36.60319824,-78.2977743,14,2362,116.0,2.0,31.0,483.0,8.285714285714286,20.448772226926334
208062765,36.3311111,-77.58027778,15,2682,0.0,,,0.0,0.0,0.0
2081022,36.0136111,-77.21527778,12,2145,0.0,,,0.0,0.0,0.0
2081094,35.81305556,-76.89277778,15,2726,5.0,2.0,17.0,24.0,0.3333333333333333,0.880410858400587
208114150,35.915,-76.72277778,15,2727,69.0,2.0,14.0,218.0,4.6,7.9941327466079946
2101726,35.73514055,-79.4230754,14,2402,18.0,3.5,20.0,98.0,1.2857142857142858,4.0799333888426315
2110400,33.95346259,-78.71974629,15,2657,58.0,3.0,24.0,266.0,3.8666666666666667,10.011290929619872
2110500,33.9126719,-78.7150175,15,2667,12.0,4.5,19.0,65.0,0.8,2.4371953505811774
2110550,33.8508333,-78.8972222,12,2052,11.0,7.0,23.0,80.0,0.9166666666666666,3.898635477582846
2110701,33.86100349,-79.0411471,14,2379,189.0,3.0,59.0,1137.0,13.5,47.793190416141236
2110704,33.8326111,-79.0437222,14,2499,15.0,3.0,27.0,91.0,1.0714285714285714,3.641456582633053
2110777,33.8515612,-78.6558483,15,2658,17.0,2.0,28.0,95.0,1.1333333333333333,3.5741158765989467
2110802,33.64905837,-79.09420639,15,2702,32.0,3.5,42.0,276.0,2.1333333333333333,10.214655810510733
2110815,33.44461245,-79.1739341,15,2704,7.0,2.0,7.0,21.0,0.4666666666666667,0.7766272189349113
212378405,35.20066667,-80.0618056,14,2539,4.0,2.0,4.0,9.0,0.2857142857142857,0.3544702638834187
212880025,34.9834833,-79.8775806,13,2361,9.0,2.0,6.0,20.0,0.6923076923076923,0.8470986869970352
2129375,34.8662583,-79.878925,8,1395,1.0,1.0,1.0,1.0,0.125,0.07168458781362007
2135000,34.05675,-79.2477222,10,1767,0.0,,,0.0,0.0,0.0
2138520,35.74125,-81.8352528,8,1463,2.0,1.0,1.0,2.0,0.25,0.1367053998632946
2141500,35.77262778,-81.4306556,8,1451,0.0,,,0.0,0.0,0.0
214196125,35.8218972,-81.1903833,8,1426,0.0,,,0.0,0.0,0.0
214244102,35.75719444,-81.08915,9,1644,0.0,,,0.0,0.0,0.0
214264790,35.4277333,-80.9573417,8,1464,0.0,,,0.0,0.0,0.0
214267602,35.33400556,-80.9864083,10,1762,0.0,,,0.0,0.0,0.0
2147310,34.598056,-80.890556,9,1560,7.0,2.0,7.0,18.0,0.7777777777777778,1.1538461538461537
21474095,34.55801667,-80.8935,9,1630,3.0,1.0,4.0,6.0,0.3333333333333333,0.36809815950920244
2147505,34.541111,-80.875278,8,1393,4.0,1.0,2.0,5.0,0.5,0.3589375448671931
2147801,34.33207981,-80.69842699,8,1398,10.0,1.5,3.0,16.0,1.25,1.1444921316165952
2156500,34.5951393,-81.4212089,15,2706,0.0,,,0.0,0.0,0.0
2160105,34.53539879,-81.54816337,15,2691,0.0,,,0.0,0.0,0.0
2160700,34.5093039,-81.5981594,15,2728,0.0,,,0.0,0.0,0.0
2160991,34.26070285,-81.3303747,15,2666,0.0,,,0.0,0.0,0.0
2162035,34.0483333,-81.0733333,13,2359,0.0,,,0.0,0.0,0.0
2167600,34.09930647,-81.5684382,15,2647,12.0,1.0,2.0,15.0,0.8,0.5666792595391009
2167716,34.0795843,-81.5617714,15,2687,32.0,2.0,14.0,72.0,2.1333333333333333,2.679568291775214
2168504,34.0509822,-81.2095418,15,2743,16.0,2.0,8.0,44.0,1.0666666666666667,1.6040831206707984
2169000,34.0140416,-81.0878717,15,2749,0.0,,,0.0,0.0,0.0
2171645,33.4275,-79.915,14,2459,7.0,1.0,2.0,8.0,0.5,0.32533550223668156
2172002,33.21491667,-79.9749167,9,1532,20.0,1.5,10.0,45.0,2.2222222222222223,2.93733681462141
2172050,33.05766667,-79.9357778,15,2683,1.0,1.0,1.0,1.0,0.06666666666666667,0.03727171077152441
21720677,32.89045228,-79.9628645,14,2522,0.0,,,0.0,0.0,0.0
217206935,32.85569444,-79.9526667,8,1459,2.0,5.5,10.0,11.0,0.25,0.7539410555174777
217206962,32.92130556,-79.82438889,9,1570,2.0,1.0,1.0,2.0,0.2222222222222222,0.12738853503184713
21720698,32.8590638,-79.8961963,15,2692,12.0,1.0,4.0,19.0,0.8,0.7057949479940565
21720709,32.80239835,-79.9100869,15,2710,0.0,,,0.0,0.0,0.0
21720825,32.92583333,-80.1516667,8,1433,9.0,1.0,8.0,23.0,1.125,1.6050244242847174
21720869,32.8346201,-80.0237014,15,2712,33.0,1.0,9.0,62.0,2.2,2.286135693215339
2198840,32.2354722,-81.1510833,11,1969,1.0,1.0,1.0,1.0,0.09090909090909091,0.05078720162519045
2198920,32.16533333,-81.1549167,11,2010,94.0,3.0,83.0,745.0,8.545454545454545,37.06467661691542
2198950,32.1657222,-81.1379722,11,2019,75.0,2.0,16.0,241.0,6.818181818181818,11.936602278355622
2198955,32.14277778,-81.1352778,11,1954,85.0,5.0,105.0,1021.0,7.7272727272727275,52.2517911975435
21989715,32.11608333,-81.1283333,12,2206,98.0,3.0,91.0,781.0,8.166666666666666,35.403445149592024
21989773,32.08041667,-81.0813611,15,2731,72.0,2.0,26.0,335.0,4.8,12.26656902233614
21989792,32.16583333,-81.13,11,2014,3.0,1.0,4.0,6.0,0.2727272727272727,0.29791459781529295
21989793,32.13666667,-81.1219444,11,1969,6.0,1.0,5.0,12.0,0.5454545454545454,0.6094464195022854
219897945,32.09777778,-81.0827778,11,1998,41.0,1.0,19.0,114.0,3.727272727272727,5.7057057057057055
219897993,32.10305556,-81.0069444,11,1945,8.0,1.5,4.0,16.0,0.7272727272727273,0.8226221079691517
22035975,31.45333333,-81.3627778,15,2694,172.0,2.0,50.0,638.0,11.466666666666667,23.682256867112102
2203603,33.68388889,-84.4152778,15,2651,1.0,1.0,1.0,1.0,0.06666666666666667,0.03772161448509996
2203655,33.67891667,-84.35813889,14,2486,1.0,1.0,1.0,1.0,0.07142857142857142,0.04022526146419952
2203700,33.68902778,-84.3301111,13,2266,28.0,1.0,6.0,50.0,2.1538461538461537,2.206531332744925
2203831,33.70569444,-84.2921944,11,2007,1.0,1.0,1.0,1.0,0.09090909090909091,0.04982561036372696
2203863,33.69319444,-84.25388889,13,2284,0.0,,,0.0,0.0,0.0
2203873,33.70941667,-84.2391667,11,2000,1.0,4.0,4.0,4.0,0.09090909090909091,0.2
2203900,33.66577778,-84.224,13,2341,1.0,1.0,1.0,1.0,0.07692307692307693,0.042716787697565144
2203950,33.7632222,-84.2203611,13,2348,3.0,2.0,4.0,7.0,0.23076923076923078,0.2981260647359455
2203960,33.69666667,-84.1986111,12,2106,0.0,,,0.0,0.0,0.0
2204037,33.66819444,-84.1511667,12,2157,0.0,,,0.0,0.0,0.0
2207135,33.83041667,-84.1393333,10,1832,0.0,,,0.0,0.0,0.0
2207160,33.77327778,-84.0771667,9,1639,0.0,,,0.0,0.0,0.0
2208450,33.63938889,-83.7784167,10,1800,0.0,,,0.0,0.0,0.0
2208493,33.6285,-83.7988611,10,1810,0.0,,,0.0,0.0,0.0
2217643,34.1620583,-83.5250944,12,2071,0.0,,,0.0,0.0,0.0
2234000,28.7141611,-81.0353374,10,1739,46.0,3.0,38.0,245.0,4.6,14.08855664174813
2244040,29.596362,-81.6831761,10,1733,9.0,3.0,43.0,84.0,0.9,4.847085978072706
2264000,28.390564,-81.519517,12,2003,51.0,4.0,151.0,955.0,4.25,47.67848227658512
2264100,28.32528785,-81.5206284,13,2174,70.0,3.0,24.0,329.0,5.384615384615385,15.133394664213432
2266200,28.38500749,-81.6164632,12,2039,39.0,29.0,184.0,1879.0,3.25,92.15301618440412
2266300,28.33278738,-81.579796,15,2703,6.0,2.5,37.0,48.0,0.4,1.7758046614872365
2266495,28.27584517,-81.5439622,12,2052,75.0,13.0,149.0,1728.0,6.25,84.21052631578948
2304000,28.05446224,-82.3637032,15,2666,108.0,6.0,103.0,1203.0,7.2,45.12378094523631
2326526,30.3013159,-83.9796085,8,1401,5.0,2.0,5.0,14.0,0.625,0.9992862241256245
2336120,33.83155556,-84.3427778,15,2710,0.0,,,0.0,0.0,0.0
2336152,33.81044444,-84.2479722,13,2333,7.0,4.0,10.0,32.0,0.5384615384615384,1.3716245177882556
23362095,33.82138889,-84.2747222,12,2149,0.0,,,0.0,0.0,0.0
2336240,33.8030833,-84.3406944,15,2699,0.0,,,0.0,0.0,0.0
2336300,33.82030556,-84.40763889,14,2438,0.0,,,0.0,0.0,0.0
2336313,33.82163889,-84.43863889,15,2663,14.0,2.0,6.0,33.0,0.9333333333333333,1.2392039053698836
2336340,33.89775,-84.34525,12,2187,0.0,,,0.0,0.0,0.0
2336360,33.86916667,-84.37888889,15,2687,0.0,,,0.0,0.0,0.0
2336410,33.8382222,-84.4392778,15,2708,0.0,,,0.0,0.0,0.0
2336526,33.7944722,-84.4741944,15,2712,2.0,3.0,5.0,6.0,0.13333333333333333,0.22123893805309736
2336728,33.74352778,-84.5681667,15,2690,0.0,,,0.0,0.0,0.0
2337170,33.65666667,-84.6736111,15,2707,1.0,1.0,1.0,1.0,0.06666666666666667,0.03694126339120798
23432415,31.62219444,-85.0591667,15,2680,169.0,2.0,24.0,630.0,11.266666666666667,23.507462686567163
2343805,31.24908333,-85.1066111,8,1445,0.0,,,0.0,0.0,0.0
2344630,33.35727778,-84.5826111,14,2264,6.0,3.0,7.0,19.0,0.42857142857142855,0.8392226148409894
2344673,33.38316667,-84.5727222,9,1603,5.0,1.0,3.0,8.0,0.5555555555555556,0.4990642545227698
2356000,30.91030556,-84.5805,8,1461,0.0,,,0.0,0.0,0.0
2357150,30.903,-84.7495,8,1455,1.0,13.0,13.0,13.0,0.125,0.8934707903780069
2359170,29.94937094,-85.0154686,8,1422,3.0,7.0,9.0,22.0,0.375,1.5471167369901546
2394682,34.0789722,-84.8544444,9,1586,0.0,,,0.0,0.0,0.0
2397530,34.20194444,-85.45325,15,2728,0.0,,,0.0,0.0,0.0
2423160,33.60371416,-86.5491517,13,2234,0.0,,,0.0,0.0,0.0
2423397,33.53454886,-86.5624847,14,2437,0.0,,,0.0,0.0,0.0
2423496,33.3692767,-86.7841551,13,2113,0.0,,,0.0,0.0,0.0
2455980,33.71121273,-86.6961013,15,2700,0.0,,,0.0,0.0,0.0
2457595,33.5970492,-86.8680483,14,2314,0.0,,,0.0,0.0,0.0
2458450,33.5176481,-86.87915889,15,2551,0.0,,,0.0,0.0,0.0
294213081345300,29.70385766,-81.5811919,11,1921,5.0,1.0,3.0,8.0,0.45454545454545453,0.41644976574700676
3007800,41.81867578,-78.29279129,13,2240,0.0,,,0.0,0.0,0.0
302309081333001,30.3860727,-81.55814749,11,1895,0.0,,,0.0,0.0,0.0
3027500,41.5531176,-78.5961347,9,1588,0.0,,,0.0,0.0,0.0
3034000,40.93923105,-79.00836738,14,2426,0.0,,,0.0,0.0,0.0
3036000,40.9275653,-79.2911508,15,2524,0.0,,,0.0,0.0,0.0
3049640,40.5361302,-79.81475899,15,2500,0.0,,,0.0,0.0,0.0
3058000,39.00452778,-80.4733611,15,2704,0.0,,,0.0,0.0,0.0
3061000,39.42230818,-80.2759187,13,2192,0.0,,,0.0,0.0,0.0
3067510,38.6170576,-79.8697849,15,2695,0.0,,,0.0,0.0,0.0
3072655,39.8250275,-79.9228206,11,1989,0.0,,,0.0,0.0,0.0
3073000,39.92313056,-80.072558,12,2020,0.0,,,0.0,0.0,0.0
3075070,40.26224454,-79.9011517,15,2675,0.0,,,0.0,0.0,0.0
3077100,39.80138889,-79.3686111,12,1805,0.0,,,0.0,0.0,0.0
3081000,39.8275767,-79.3725353,15,2546,0.0,,,0.0,0.0,0.0
3083500,40.2402222,-79.8066944,13,2181,0.0,,,0.0,0.0,0.0
3098600,41.10527778,-80.6655556,15,2587,0.0,,,0.0,0.0,0.0
3105500,40.88867389,-80.3370083,14,2493,0.0,,,0.0,0.0,0.0
3106000,40.8170092,-80.2422837,14,2384,0.0,,,0.0,0.0,0.0
3108490,40.6489079,-80.3833884,13,2333,0.0,,,0.0,0.0,0.0
3183500,37.7242874,-80.641468,15,2709,0.0,,,0.0,0.0,0.0
3216070,38.53205556,-82.68594444,9,1587,0.0,,,0.0,0.0,0.0
3219500,40.4195042,-83.1971372,13,2274,6.0,1.5,4.0,11.0,0.46153846153846156,0.4837291116974494
3220510,40.15311775,-83.1263,10,1546,46.0,2.0,11.0,131.0,4.6,8.473479948253557
3228039,39.8397222,-83.0094444,13,2252,0.0,,,0.0,0.0,0.0
3228300,40.2361735,-82.8512892,13,2286,4.0,1.5,3.0,7.0,0.3076923076923077,0.30621172353455817
3254520,38.9203417,-84.44799549,13,2182,7.0,1.0,6.0,13.0,0.5384615384615384,0.5957836846929423
3277200,38.77525,-84.97238889,14,2571,52.0,1.0,5.0,86.0,3.7142857142857144,3.3450019447685726
3292470,38.36117864,-85.57459969,9,1534,0.0,,,0.0,0.0,0.0
3292475,38.3034027,-85.62801689,9,1495,4.0,1.5,2.0,6.0,0.4444444444444444,0.4013377926421405
3292480,38.3127635,-85.6261558,9,1468,0.0,,,0.0,0.0,0.0
3292500,38.2114592,-85.7024613,8,1368,30.0,2.0,10.0,99.0,3.75,7.2368421052631575
3293000,38.237222,-85.664722,9,1609,1.0,6.0,6.0,6.0,0.1111111111111111,0.3729024238657551
3293500,38.25034895,-85.7166287,9,1518,86.0,2.0,11.0,224.0,9.555555555555555,14.756258234519104
3293530,38.27645917,-85.693573,10,1730,3.0,1.0,1.0,3.0,0.3,0.17341040462427745
3297800,37.9911111,-85.6411111,9,1471,5.0,4.0,6.0,16.0,0.5555555555555556,1.087695445275323
3298000,38.18840166,-85.460235,10,1785,2.0,1.5,2.0,3.0,0.2,0.16806722689075632
3298135,38.19479109,-85.557181,8,1346,7.0,2.0,4.0,16.0,0.875,1.188707280832095
3298150,38.16006729,-85.5421797,10,1676,3.0,2.0,3.0,6.0,0.3,0.35799522673031026
3298250,38.0792321,-85.6160683,9,1444,7.0,1.0,2.0,9.0,0.7777777777777778,0.6232686980609419
3298300,38.0875,-85.6425,8,1235,49.0,2.0,11.0,149.0,6.125,12.064777327935223
3301900,38.1756242,-85.615237,12,2005,0.0,,,0.0,0.0,0.0
3301940,38.1492,-85.6788,8,1325,32.0,1.0,18.0,78.0,4.0,5.886792452830188
3302030,38.05423677,-85.8716296,9,1517,3.0,1.0,1.0,3.0,0.3333333333333333,0.19775873434410018
3302050,38.04693096,-85.8572681,10,1647,50.0,2.0,8.0,123.0,5.0,7.468123861566484
3321500,37.8583774,-87.4097294,11,1914,4.0,2.0,2.0,7.0,0.36363636363636365,0.3657262277951933
3353200,39.94642217,-86.260249,14,2498,0.0,,,0.0,0.0,0.0
3374100,38.4897748,-87.5500132,13,2255,0.0,,,0.0,0.0,0.0
3428180,35.8989535,-86.42554779,11,1998,0.0,,,0.0,0.0,0.0
3430200,36.18648009,-86.632762,15,2718,16.0,2.0,6.0,38.0,1.0666666666666667,1.3980868285504047
3431083,36.16394545,-86.699164,15,2744,0.0,,,0.0,0.0,0.0
3431091,36.1653343,-86.7213866,15,2673,0.0,,,0.0,0.0,0.0
3431514,36.1889717,-86.8283959,15,2697,0.0,,,0.0,0.0,0.0
343233905,35.89984185,-86.8428894,9,1635,0.0,,,0.0,0.0,0.0
34324146,35.9581186,-86.88972369,8,1376,0.0,,,0.0,0.0,0.0
3512000,35.46138889,-83.3536111,10,1780,0.0,,,0.0,0.0,0.0
375350097262800,37.89713889,-97.4411111,11,1905,7.0,2.0,2.0,12.0,0.6363636363636364,0.6299212598425197
4024000,46.703511,-92.418378,14,2506,0.0,,,0.0,0.0,0.0
4027000,46.4866144,-90.696297,12,2038,0.0,,,0.0,0.0,0.0
4067500,45.3258333,-87.6633333,14,2409,0.0,,,0.0,0.0,0.0
40851385,44.5286111,-88.01,14,2437,11.0,2.0,7.0,32.0,0.7857142857142857,1.3130898645876077
4087170,43.02444444,-87.8983333,13,2345,0.0,,,0.0,0.0,0.0
4101500,41.8292138,-86.2597325,14,2478,0.0,,,0.0,0.0,0.0
410333095530101,41.059353,-95.883669,10,1776,0.0,,,0.0,0.0,0.0
4108660,42.65085976,-86.106703,14,2481,0.0,,,0.0,0.0,0.0
4119400,43.0241884,-86.0264354,14,2522,0.0,,,0.0,0.0,0.0
411955088280601,41.33305556,-88.4669444,8,1302,23.0,2.0,14.0,69.0,2.875,5.299539170506913
412126095565201,41.3574722,-95.9477778,10,1708,0.0,,,0.0,0.0,0.0
4121650,43.693634,-85.4675442,14,2504,0.0,,,0.0,0.0,0.0
4121660,43.61308,-85.4778209,14,2507,3.0,1.0,2.0,4.0,0.21428571428571427,0.15955325089748704
4121680,43.485857,-85.63060189,14,2555,59.0,2.0,83.0,771.0,4.214285714285714,30.176125244618394
4121944,43.43085818,-85.5955989,15,2690,0.0,,,0.0,0.0,0.0
4121970,43.43474558,-85.6653239,14,2478,0.0,,,0.0,0.0,0.0
4124000,44.43639239,-85.6986792,14,2309,0.0,,,0.0,0.0,0.0
4124200,44.3630596,-85.820905,15,2708,0.0,,,0.0,0.0,0.0
4125460,44.19334009,-85.7697863,15,2653,0.0,,,0.0,0.0,0.0
4125550,44.25944459,-85.9416248,15,2645,0.0,,,0.0,0.0,0.0
4136000,44.6769593,-84.2925146,15,2698,0.0,,,0.0,0.0,0.0
4136500,44.66001385,-84.1311167,15,2722,0.0,,,0.0,0.0,0.0
4136900,44.61277537,-83.8376616,15,2717,0.0,,,0.0,0.0,0.0
4137005,44.56084749,-83.802764,15,2684,0.0,,,0.0,0.0,0.0
4137020,44.46334886,-83.7213714,14,2532,0.0,,,0.0,0.0,0.0
4137025,44.4541823,-83.6744254,15,2691,1.0,2.0,2.0,2.0,0.06666666666666667,0.07432181345224824
4137030,44.47279328,-83.57108839,15,2744,9.0,1.0,3.0,15.0,0.6,0.5466472303206997
4137500,44.43640447,-83.4338609,15,2729,0.0,,,0.0,0.0,0.0
4142000,44.0725203,-84.0199939,13,2331,0.0,,,0.0,0.0,0.0
4157005,43.4219699,-83.951918,13,2289,0.0,,,0.0,0.0,0.0
4165500,42.5958395,-82.908745,13,2276,1.0,1.0,1.0,1.0,0.07692307692307693,0.043936731107205626
4166500,42.3730923,-83.2546513,14,2542,22.0,1.0,2.0,23.0,1.5714285714285714,0.9047993705743509
4168400,42.30837099,-83.2527063,8,1359,6.0,1.5,2.0,9.0,0.75,0.6622516556291391
4176500,41.9605671,-83.5309896,14,2482,0.0,,,0.0,0.0,0.0
4188496,40.9792203,-83.6532653,9,1438,30.0,2.0,12.0,90.0,3.3333333333333335,6.258692628650904
4193490,41.47616368,-83.7388261,11,1926,1.0,1.0,1.0,1.0,0.09090909090909091,0.05192107995846314
4199500,41.38199,-82.3168273,13,2214,0.0,,,0.0,0.0,0.0
4200500,41.38032368,-82.10459279,12,2066,0.0,,,0.0,0.0,0.0
420451121510000,42.0808333,-121.85,15,2751,130.0,2.0,71.0,876.0,8.666666666666666,31.84296619411123
420741121554001,42.12805556,-121.9277778,15,2738,88.0,4.0,72.0,1007.0,5.866666666666666,36.778670562454344
4208000,41.39533087,-81.6298478,12,1989,0.0,,,0.0,0.0,0.0
420853121505500,42.14805556,-121.848611,15,2756,99.0,3.0,59.0,909.0,6.6,32.98258345428157
420853121505501,42.14805556,-121.848611,15,2721,70.0,7.5,114.0,1240.0,4.666666666666667,45.571481073134876
421015121471800,42.1708333,-121.7883333,15,2721,61.0,7.0,59.0,852.0,4.066666666666666,31.31201764057332
4213152,42.07388889,-80.2347222,12,2117,0.0,,,0.0,0.0,0.0
4213500,42.46344444,-78.9345278,13,2328,0.0,,,0.0,0.0,0.0
421401121480900,42.2336111,-121.8025,15,2728,3.0,3.0,7.0,11.0,0.2,0.4032258064516129
4231600,43.1417222,-77.6163056,14,2555,0.0,,,0.0,0.0,0.0
4249000,43.45138889,-76.50547222,14,2521,0.0,,,0.0,0.0,0.0
453004122510301,45.5009505,-122.852045,15,2713,30.0,2.0,4.0,59.0,2.0,2.174714338370807
453030122560101,45.5081944,-122.9335,15,2721,1.0,7.0,7.0,7.0,0.06666666666666667,0.25725836089672915
453040123065201,45.510878,-123.115666,15,2726,0.0,,,0.0,0.0,0.0
5054000,46.861111,-96.783333,15,2633,0.0,,,0.0,0.0,0.0
5082500,47.926944,-97.028889,15,2553,0.0,,,0.0,0.0,0.0
5406457,43.1097222,-89.6408333,12,2156,0.0,,,0.0,0.0,0.0
5435943,42.97694444,-89.5394444,15,2719,3.0,2.0,11.0,14.0,0.2,0.5148951820522251
5435950,42.94916667,-89.5441667,15,2688,0.0,,,0.0,0.0,0.0
5515500,41.38963889,-86.7061667,11,1985,0.0,,,0.0,0.0,0.0
5517500,41.22001988,-86.96832769,8,1388,0.0,,,0.0,0.0,0.0
5518000,41.1828134,-87.3403096,9,1648,0.0,,,0.0,0.0,0.0
5524500,40.8705788,-87.3066723,10,1711,0.0,,,0.0,0.0,0.0
5538020,41.5,-88.1069444,9,1564,0.0,,,0.0,0.0,0.0
5543010,41.29988889,-88.6141944,11,1946,0.0,,,0.0,0.0,0.0
6711565,39.66497989,-105.00418085,15,2627,3.0,2.0,4.0,7.0,0.2,0.2664636467453369
6796500,41.32,-96.403889,9,1358,0.0,,,0.0,0.0,0.0
6800500,41.293333,-96.283889,15,2438,3.0,1.0,4.0,6.0,0.2,0.2461033634126333
6805000,41.051667,-96.338611,14,2303,21.0,1.0,2.0,27.0,1.5,1.1723838471558836
6805500,41.014978,-96.1575,15,2392,2.0,1.5,2.0,3.0,0.13333333333333333,0.1254180602006689
6818000,39.75325,-94.8568333,15,2706,0.0,,,0.0,0.0,0.0
6887500,39.19833014,-96.3055532,10,1771,0.0,,,0.0,0.0,0.0
6892350,38.9833375,-94.9646893,8,1436,0.0,,,0.0,0.0,0.0
6892518,39.0461111,-94.7894444,8,1449,1.0,3.0,3.0,3.0,0.125,0.2070393374741201
6893820,39.0173611,-94.3872778,15,2720,2.0,1.0,1.0,2.0,0.13333333333333333,0.07352941176470588
6894000,39.1005609,-94.3005038,15,2727,0.0,,,0.0,0.0,0.0
6934500,38.70980556,-91.4385,15,2579,0.0,,,0.0,0.0,0.0
7020850,37.30188889,-89.518,9,1521,0.0,,,0.0,0.0,0.0
7048600,36.07305556,-94.0811111,9,1582,1.0,1.0,1.0,1.0,0.1111111111111111,0.0632111251580278
7049691,36.4208333,-93.8472222,12,1845,5.0,4.0,20.0,34.0,0.4166666666666667,1.8428184281842819
7053450,36.5950631,-93.3090721,11,1773,75.0,2.0,34.0,483.0,6.818181818181818,27.2419627749577
7054501,36.365,-92.575,14,2198,0.0,,,0.0,0.0,0.0
7054527,36.3436111,-92.5741667,15,2369,1.0,1.0,1.0,1.0,0.06666666666666667,0.04221190375685943
7060000,36.24923449,-92.2384887,13,2070,18.0,1.0,9.0,44.0,1.3846153846153846,2.1256038647342996
7061270,37.55255556,-90.8424444,15,2650,1.0,4.0,4.0,4.0,0.06666666666666667,0.1509433962264151
7061290,37.4936111,-90.8383333,14,2522,8.0,2.5,34.0,73.0,0.5714285714285714,2.894528152260111
7075270,35.5697222,-92.6219444,12,2102,5.0,2.0,5.0,13.0,0.4166666666666667,0.6184586108468125
7076000,35.5172222,-91.9972222,15,2481,2.0,1.0,1.0,2.0,0.13333333333333333,0.08061265618702136
7109500,38.248056,-104.398611,15,2570,1.0,1.0,1.0,1.0,0.06666666666666667,0.038910505836575876
7143672,38.02853056,-97.5405417,12,2107,7.0,2.0,5.0,16.0,0.5833333333333334,0.7593735168485999
7144100,37.88306739,-97.4244864,14,2553,6.0,1.5,5.0,13.0,0.42857142857142855,0.509204857030944
7144780,37.8621972,-98.0137806,14,2381,0.0,,,0.0,0.0,0.0
7164500,36.14064807,-96.0063866,9,1489,0.0,,,0.0,0.0,0.0
7177500,36.27842534,-95.954162,14,2465,0.0,,,0.0,0.0,0.0
7178200,36.2231514,-95.8194322,12,2038,0.0,,,0.0,0.0,0.0
71912213,36.32256869,-94.6852334,12,2188,0.0,,,0.0,0.0,0.0
7191222,36.35535924,-94.7763388,10,1732,0.0,,,0.0,0.0,0.0
7198000,35.5731511,-95.0688458,11,1913,9.0,2.0,37.0,61.0,0.8181818181818182,3.1887088342916883
7263296,34.87888889,-92.6855556,15,2731,65.0,1.0,17.0,165.0,4.333333333333333,6.041742951299891
72632966,34.87527778,-92.6538889,15,2664,43.0,2.0,5.0,75.0,2.8666666666666667,2.815315315315315
7332622,33.74416667,-95.9611111,10,1670,6.0,3.5,5.0,19.0,0.6,1.1377245508982037
8049500,32.7625,-96.9944444,12,2145,1.0,1.0,1.0,1.0,0.08333333333333333,0.046620046620046623
8052700,33.28344977,-96.8927805,12,2046,43.0,1.0,21.0,162.0,3.5833333333333335,7.9178885630498534
8052745,33.219298,-96.8919565,14,2358,14.0,1.5,17.0,41.0,1.0,1.7387616624257847
8062500,32.42652988,-96.4630415,12,2066,0.0,,,0.0,0.0,0.0
8065350,31.33851319,-95.6563407,11,1727,4.0,1.0,2.0,5.0,0.36363636363636365,0.2895193977996526
8067074,29.80674444,-95.0323972,9,1612,2.0,3.5,5.0,7.0,0.2222222222222222,0.43424317617866004
8068000,30.24465738,-95.4571616,11,1943,3.0,2.0,3.0,7.0,0.2727272727272727,0.3602676273803397
8068500,30.11049517,-95.4363275,14,2501,3.0,2.0,3.0,6.0,0.21428571428571427,0.23990403838464613
8069500,30.02716385,-95.2579888,15,2626,59.0,1.0,13.0,126.0,3.933333333333333,4.798172124904799
8070200,30.14523056,-95.1246139,14,2502,18.0,1.0,2.0,22.0,1.2857142857142858,0.8792965627498002
8180850,29.24685278,-98.5487944,9,1623,0.0,,,0.0,0.0,0.0
8181800,29.2221853,-98.3558463,15,2692,9.0,1.0,3.0,14.0,0.6,0.5200594353640416
8188060,28.84869444,-97.7371389,11,1958,1.0,2.0,2.0,2.0,0.09090909090909091,0.10214504596527069
8211200,27.93779594,-97.7758308,15,2732,0.0,,,0.0,0.0,0.0
8375300,29.185833,-102.975,8,1290,36.0,1.5,6.0,76.0,4.5,5.891472868217054
9041400,40.108611,-106.413333,15,2725,0.0,,,0.0,0.0,0.0
9406000,37.2041494,-113.1807789,15,2706,1.0,1.0,1.0,1.0,0.06666666666666667,0.03695491500369549
