lat,lon,bU,seU,bT,n,ev,exit_rate,U_bar,tw_bar,q_bar,do_bar,sat_bar
40.73522634,-111.4760313,-0.17260486967179803,0.22319519525104484,-0.19974283646514596,54,27,0.5,1.9289185,14.661,4.33,7.114338781575037,0.5143868158810797
42.12788298,-121.9288769,0.4994061763937497,0.14745889381651467,-0.17659194815018237,641,98,0.15288611544461778,2.1337965,18.363986904328847,,6.2613818181818175,0.5035190357684945
39.0105,-75.4583056,0.4540617705012921,0.1288718043936837,-0.2868024043668606,527,116,0.22011385199240988,3.412731,23.409263657957247,,4.582318037974684,0.362567619650576
38.791,-75.25077778,0.473486308322393,0.25623697508544574,-0.4887705730966403,103,36,0.34951456310679613,3.969371,23.42780082987552,,5.812309820193638,0.4597665884799823
36.60319824,-78.2977743,0.15382294004281136,0.12480407775060974,-0.195497151560194,392,91,0.23214285714285715,2.5019095,20.217898627243926,,5.131923890063425,0.42229599982218585
35.915,-76.72277778,0.1710407487401283,0.15967052756647196,0.10244032870887182,216,67,0.3101851851851852,2.8457608,25.063292995966265,,5.547231389805647,0.5768378447191539
35.73514055,-79.4230754,0.21187466194047672,0.3362052566059361,-0.13127478272059537,98,18,0.1836734693877551,2.3492222,23.17983333333333,5.215,5.199666805497709,0.5345177994057517
33.95346259,-78.71974629,0.10106858906403755,0.19997116250942623,0.27958281181613603,262,54,0.20610687022900764,2.9314559,25.171843196381452,9.18,6.163003387278886,0.5554816807816683
33.9126719,-78.7150175,0.31979417254118336,0.4323482507179062,0.5376043144086682,63,10,0.15873015873015872,2.9355152,25.037096774193547,512.0,4.456998123827392,0.49867071602574237
33.8508333,-78.8972222,0.7977426822240087,0.4809687709245524,-0.2229836984063212,75,6,0.08,3.136605,25.400438596491227,629.0,4.061159844054581,0.46942751945296374
33.86100349,-79.0411471,0.301234835427821,0.08998424897303547,0.243341427841336,1120,172,0.15357142857142858,3.1324086,24.576272612536812,7.44,3.6471905365441484,0.2719033327889573
33.8326111,-79.0437222,0.4129165954520297,0.306672328734037,1.1992793391422487,90,14,0.15555555555555556,3.1570084,25.852121697357887,678.5,3.9733386709367493,0.45249916002254315
33.8515612,-78.6558483,-0.10691113085087485,0.27461539877137264,-0.20530054889325386,95,17,0.17894736842105263,3.9630258,26.973955589010163,,5.628216704288938,0.594601459730521
33.64905837,-79.09420639,0.6606436970039674,0.2165153477207196,0.5820986129241287,271,27,0.0996309963099631,3.1435947,25.745020362828583,,4.054424287301,0.44742638617316216
34.0795843,-81.5617714,-0.45079472966546047,0.2703642405326125,0.46102318052049734,71,31,0.43661971830985913,2.4989924,27.369817640491252,,7.366319315221436,0.7186087040555976
34.0509822,-81.2095418,0.044125555350646946,0.15282787048244328,-0.14817382786074543,43,15,0.3488372093023256,2.5762784,15.160189573459716,953.0,7.283302952971199,0.6714781529327438
33.21491667,-79.9749167,0.20904204539293797,0.43409162069423235,1.0193493760372594,45,20,0.4444444444444444,2.7275,26.1115610711953,5200.0,6.46462140992167,0.5812577651961373
32.8346201,-80.0237014,-0.5100185260018473,0.3488129381026818,-0.10900858418976611,61,32,0.5245901639344263,3.4192686,27.183720930232557,,4.671560309848765,0.47586384447321445
32.16533333,-81.1549167,0.22465696043342562,0.12117395160489687,-0.8616650856918249,741,92,0.1241565452091768,2.449972,25.886590229312063,,5.14423940149626,0.321516023035038
32.1657222,-81.1379722,0.3217257992213011,0.15434396211193505,-0.2716566300418651,241,75,0.3112033195020747,2.44913,25.852303120356613,,5.376473501733532,0.4199891983369821
32.14277778,-81.1352778,0.25603165360160046,0.11550716690642604,-0.9250564344560337,1015,79,0.07783251231527094,2.4408567,26.12052200614125,,4.4007172131147545,0.2638345134642008
32.11608333,-81.1283333,0.32014932917909655,0.10940159744652611,-0.30143623833817373,780,98,0.12564102564102564,2.6417634,26.110899182561308,,3.6387301587301586,0.31805057517938007
32.08041667,-81.0813611,0.37038942816620685,0.12927946096904921,-0.09934025882390436,334,71,0.2125748502994012,3.920086,26.430146520146522,,3.971172161172161,0.4059880271682455
32.09777778,-81.0827778,0.7000081917610278,0.31070553850596905,-0.5015463990797289,113,40,0.35398230088495575,3.921156,26.615823735603406,,4.871371371371372,0.4541124951440774
31.45333333,-81.3627778,0.14578032549442155,0.12003137101242452,0.2744951022631796,632,166,0.2626582278481013,4.070029,27.598698884758363,,4.365997770345596,0.33536539476224225
33.68902778,-84.3301111,0.5595775617148075,0.2978497627033085,0.5381129563372804,47,25,0.5319148936170213,2.4514072,22.487897526501765,4.055,6.593763821318001,0.6331826397970387
28.7141611,-81.0353374,1.0844321481622035,0.30274883653583734,-0.12451159560385128,142,28,0.19718309859154928,2.4634778,28.50734299516908,1690.0,4.3137198067632845,0.4768753515294786
28.390564,-81.519517,-0.25400311807932974,0.1946697877926586,-0.6876856210143857,598,31,0.051839464882943144,2.411164,25.313843111404086,7.77,2.4421607378129115,0.2672853813667866
28.32528785,-81.5206284,0.17185281403058097,0.21635072335874025,-0.1458660675079169,124,35,0.28225806451612906,2.3694198,28.085227272727273,31.9,5.115710872162485,0.5357286092507384
28.38500749,-81.6164632,0.21783847389706543,0.17507881531141553,-0.2522132226842925,1519,11,0.007241606319947334,2.419153,26.16830985915493,9.15,1.3545774647887323,0.137499053779696
28.27584517,-81.5439622,0.09872003445826316,0.15817753989805342,0.061220318635900724,1145,36,0.0314410480349345,2.3509827,25.970698344132472,,1.8234532374100718,0.1804760389163998
28.05446224,-82.3637032,0.2655604060722546,0.1058219763663834,-0.16024452648303125,661,55,0.0832072617246596,2.4120057,26.892017879948916,388.0,3.425967681322811,0.36780653526899526
31.62219444,-85.0591667,0.2992677190879016,0.1010638276899972,0.18375259211104347,627,167,0.266347687400319,2.3639991,26.282535527299924,5105.0,5.27167976056865,0.47639098264742735
40.15311775,-83.1263,0.30795452724967626,0.22240665736579648,-0.1129089923692956,120,37,0.30833333333333335,3.133889,21.59726384364821,,6.275679172056922,0.6237057270417113
38.77525,-84.97238889,0.034582502091082025,0.2332521742516683,0.02494440759105759,85,51,0.6,2.4563603,23.729116387699495,49900.0,6.57755737067289,0.7040354651500068
38.2114592,-85.7024613,0.38503741720244383,0.2469807577972841,-0.23739436961548724,96,27,0.28125,2.3514817,21.969736842105263,6.09,6.2935672514619885,0.5962107988967932
38.25034895,-85.7166287,0.1628255532871238,0.14295397794528508,-0.3089471261707896,214,76,0.35514018691588783,2.3483193,21.327470355731226,,5.906916996047431,0.45101547495200545
38.0875,-85.6425,0.6218702535125511,0.19419690844420495,0.6644848608207893,143,43,0.3006993006993007,2.3248112,21.146072874493928,1.46,6.143238866396761,0.5099795786396177
38.1492,-85.6788,0.1463410689642434,0.20699394289133954,0.05599897899313779,77,31,0.4025974025974026,2.3199325,22.10211320754717,4.04,7.767673716012085,0.5919646271986168
38.04693096,-85.8572681,0.08222309996363515,0.21412353670157105,-0.24237149019416787,121,48,0.39669421487603307,2.2654946,20.4454103343465,0.46,5.779052823315118,0.4908940899739239
41.33305556,-88.4669444,-0.14239301834358795,0.35530264810085344,-0.9271227004037701,67,21,0.31343283582089554,3.2956784,23.23299922898998,6.21,9.036412625096228,0.8088608102294949
43.485857,-85.63060189,-0.034342248052108094,0.15485977309997498,0.31070496938185344,770,58,0.07532467532467532,3.1154065,17.14120642381512,,5.712465699725597,0.45149149065752153
40.9792203,-83.6532653,-0.12219429689516437,0.22544716947259882,-0.14328527383477055,87,27,0.3103448275862069,3.4171348,20.14885177453027,3.42,5.8548678720445055,0.5009944654420646
42.0808333,-121.85,0.20970951102859592,0.1203384533615362,-0.17394937488306955,872,128,0.14678899082568808,2.1260796,18.727994175464143,,5.478392142597309,0.38893597146122627
42.12805556,-121.9277778,0.7754892617362537,0.15176896778912088,-0.049653885655027714,1003,84,0.08374875373878365,2.1355827,17.71864035087719,,4.42954711468225,0.402414544923556
42.14805556,-121.848611,0.05728483759889288,0.14593126470098775,-0.679522352242139,908,98,0.10792951541850221,2.1719403,18.56375181422351,,5.987549909255899,0.48231860457984627
42.14805556,-121.848611,0.6008319966439836,0.14556566578546304,-0.0960014705806527,1225,55,0.044897959183673466,2.1728737,17.839338235294118,,4.246838235294118,0.35962522697047195
42.1708333,-121.7883333,-0.15053704274169036,0.20664807915160843,-0.5349445787226509,848,58,0.06839622641509434,2.1715946,18.42978645066274,,5.792350128723795,0.4823450869974517
45.5009505,-122.852045,0.06089912002359542,0.2145458564797543,-0.1673785921976368,58,29,0.5,2.0512586,17.88167713335796,,5.18961950498707,0.4729461858608425
36.5950631,-93.3090721,0.025880259679753933,0.13637320925014898,-0.01259144680702083,462,58,0.12554112554112554,2.5028317,10.808621667612025,,5.7537507050197405,0.36347129727219146
36.24923449,-92.2384887,0.11172924310984932,0.27442145493929226,1.3505796288397336,43,17,0.3953488372093023,2.385619,12.597341710971484,,7.73487922705314,0.5467724657727073
37.4936111,-90.8383333,0.30200416925902207,0.48496680996160857,0.594055047465124,73,8,0.1095890410958904,2.6593046,23.337341269841268,17.1,6.627568425228083,0.6822936319386473
35.5731511,-95.0688458,-0.9488204895988032,0.5951234092699744,2.8951169809839525,60,8,0.13333333333333333,2.6804967,17.206243441762854,1030.0,6.698218962807752,0.5726350078217688
34.87888889,-92.6855556,-0.002184423591819349,0.1950066200823958,0.23831339857576625,163,63,0.38650306748466257,2.3308513,24.19698085419735,1.62,5.755950201391432,0.5614751048529751
34.87527778,-92.6538889,-0.6309262941473383,0.2644341584905921,-0.14371121225364245,72,41,0.5694444444444444,2.3355725,26.028424386381634,33.2,6.932207207207208,0.7219548091649983
33.28344977,-96.8927805,-0.08160824674538596,0.29269176393096397,-0.3578949868180702,149,34,0.22818791946308725,3.3755744,24.603585461689587,0.4,6.29516129032258,0.5830865950793119
30.02716385,-95.2579888,-0.22672588108386652,0.2577607922374233,0.3854000087887003,123,56,0.45528455284552843,2.6677494,28.35704493526276,577.0,7.925714285714286,0.722554628536685
29.185833,-102.975,0.31322224713264585,0.24378011558419735,-0.25479706169650174,73,33,0.4520547945205479,2.059702,28.75321955003879,178.0,6.276744186046511,0.6987812143317241
